" [deleted]"," [deleted]"
" and ","y"
" The customer does not exist in the system anymore."," The customer does not exist in the system anymore."
"%s (Default Template from Locale)","%s (Default Template from Locale)"
"%s cache type(s) disabled.","%s cache type(s) disabled."
"%s cache type(s) enabled.","%s cache type(s) enabled."
"%s cache type(s) refreshed.","%s cache type(s) refreshed."
"(\t for tab)","(\t for tab)"
"(For Type ""Local Server"" need to use relative path to Magento install var/export or var/import, e.g. var/export, var/import, var/export/some/dir, var/import/some/dir)","(For Type ""Local Server"" need to use relative path to Magento install var/export or var/import, e.g. var/export, var/import, var/export/some/dir, var/import/some/dir)"
"(For US 2-letter state names)","(Para USA, nombres de estados de 2 letras)"
"(If left empty will be auto-generated)","(Si se deja vacío será auto-generado)"
"(Leave empty for first spreadsheet)","(Dejar vacío en la primera hoja)"
"(Products will be added/updated to this store if 'store' column is blank or missing in the import file.)","(Los productos serán agregados/actualizados en esta tienda si la columna 'tienda' está vacía o no se encuentra en el archivo de importación)"
"(Shift-)Click or drag to change value","(Shift-)Haz clic o arrastra el elemento para cambiar su valor"
"(Starting with)","(Empieza con)"
"(When 'No', only mapped fields will be imported. When mapping, use 'column1', 'column2', etc.)","(Si 'No', sólo los campos vinculados serán importados. Al vincularlos, use 'column1', 'column2', etc.)"
"(You have to increase php memory_limit before changing this value)","(Tienes que incrementar el valor del parámetro de configuración memory_limit antes de poder cambiar este valor)"
"* - If indexing is in progress, it will be killed and new indexing process will start.","* - If indexing is in progress, it will be killed and new indexing process will start."
"* Required Fields","* Required Fields"
"- Click on any of the time parts to increase it","Haz click en cualquier parte para incrementar"
"- Hold mouse button on any of the above buttons for faster selection.","Mantenga el botón del ratón sobre cualquiera de los botones de arriba para acelerar la selección."
"- or click and drag for faster selection.","- o click y arrasta para una selección más rápida"
"- or Shift-click to decrease it","- o Shift-click para disminuir"
"- Use the %s buttons to select month","%s para seleccionar el mes"
"- Use the %s, %s buttons to select year","%s, %s para seleccionar el año"
"-- Not Selected --","-- Not Selected --"
"-- Please Select --","--Seleccione--"
"-- Please Select a Category --","-- Please Select a Category --"
"-- Please Select Billing Agreement--","-- Please Select Billing Agreement--"
"--Please Select--","-- Por favor, seleccione --"
"1 Hour","1 Hora"
"12 Hours","12 horas"
"12h AM/PM","12h AM/PM"
"2 Hours","2 horas"
"24 Hours","24 Horas"
"24h","24h"
"2YTD","2 años hasta hoy"
"6 Hours","6 horas"
"<h1 class=""page-heading"">404 Error</h1><p>Page not found.</p>","<h1 class=""page-heading"">Error 404</h1><p>Página no encontrada.</p>"
"<strong>%s</strong> requests access to your account","<strong>%s</strong> requests access to your account"
"<strong>Attention</strong>: Captcha is case sensitive.","<strong>Attention</strong>: Captcha is case sensitive."
"[ deleted ]","[ borrado ]"
"[GLOBAL]","[GLOBAL]"
"[STORE VIEW]","[STORE VIEW]"
"[WEBSITE]","[WEBSITE]"
"A user with the same user name or email aleady exists.","A user with the same user name or email aleady exists."
"Abandoned Carts","Abandoned Carts"
"About the calendar","Acerca del calendario"
"Access Denied","Access denied"
"Access denied.","Access denied."
"Account Created in:","Cuenta creada en:"
"Account Created on (%s):","La cuenta se ha creado el (%s):"
"Account Created on:","Cuenta creada el:"
"Account Information","Información de la cuenta"
"Account Status","Estado de la cuenta"
"Action","Acción"
"Actions","Acciones"
"Actions XML","Acciones XML"
"Active","Activo"
"Add","Añadir"
"Add after","Añadir después"
"Add Exception","Añadir excepción"
"Add Field Mapping","Agregar vinculación de campo"
"Add Field with URL:","Añadir campo con la URL:"
"Add New","Add New"
"Add New Image","Agregar una nueva imagen"
"Add New Profile","Agregar un nuevo perfil"
"Add New Role","Agregar un nuevo rol"
"Add New Template","Agregar una nueva plantilla"
"Add New URL Rewrite","Add New URL Rewrite"
"Add New User","Agregar un nuevo usuario"
"Add New Variable","Add New Variable"
"Add Products","Add Products"
"Add URL Rewrite","Add URL Rewrite"
"Add URL Rewrite for a Category","Add URL Rewrite for a Category"
"Add URL Rewrite for a Product","Add URL Rewrite for a Product"
"Additional Cache Management","Additional Cache Management"
"Address Type:","Tipo de domicilio:"
"Admin","Administrador"
"Advanced Admin Section","Administración avanzada"
"Advanced Profiles","Perfiles avanzados"
"Advanced Section","Sección avanzada"
"After authorization application will have access to you account.","After authorization application will have access to you account."
"All","Todos"
"All Allowed Countries","Todos los países permitidos"
"All Cache","Toda la cache"
"All countries","Todos los países"
"All fields","Todos los campos"
"All Files","Todos los archivos"
"All possible rates were fetched, please click on ""Save"" to apply","All possible rates were fetched, please click on ""Save"" to apply"
"All rates were fetched, please click on ""Save"" to apply","All rates were fetched, please click on ""Save"" to apply"
"All Reviews","All Reviews"
"All Store Views","Todas las vistas de tienda"
"All Tags","Todas las etiquetas"
"All valid rates have been saved.","All valid rates have been saved."
"All Websites","Todos los sitios web"
"Always (during development)","Always (during development)"
"Amounts","Importes"
"An error has occured while syncronizing media storages.","An error has occured while syncronizing media storages."
"An error occurred while clearing the configurable swatches image cache.","An error occurred while clearing the configurable swatches image cache."
"An error occurred while clearing the image cache.","An error occurred while clearing the image cache."
"An error occurred while clearing the JavaScript/CSS cache.","An error occurred while clearing the JavaScript/CSS cache."
"An error occurred while deleting email template data. Please review log and try again.","An error occurred while deleting email template data. Please review log and try again."
"An error occurred while deleting record(s).","An error occurred while deleting record(s)."
"An error occurred while deleting this role.","An error occurred while deleting this role."
"An error occurred while deleting this set.","An error occurred while deleting this set."
"An error occurred while deleting this template.","An error occurred while deleting this template."
"An error occurred while deleting URL Rewrite.","An error occurred while deleting URL Rewrite."
"An error occurred while finishing process. Please refresh the cache","An error occurred while finishing process. Please refresh the cache"
"An error occurred while rebuilding the catalog index.","An error occurred while rebuilding the catalog index."
"An error occurred while rebuilding the CatalogInventory Stock Status.","An error occurred while rebuilding the CatalogInventory Stock Status."
"An error occurred while rebuilding the flat catalog category.","An error occurred while rebuilding the flat catalog category."
"An error occurred while rebuilding the flat product catalog.","An error occurred while rebuilding the flat product catalog."
"An error occurred while rebuilding the search index.","An error occurred while rebuilding the search index."
"An error occurred while refreshing the Catalog Rewrites.","An error occurred while refreshing the catalog rewrites."
"An error occurred while refreshing the Layered Navigation indices.","An error occurred while refreshing the layered navigation indices."
"An error occurred while saving account.","An error occurred while saving account."
"An error occurred while saving review.","An error occurred while saving review."
"An error occurred while saving the customer.","An error occurred while saving the customer."
"An error occurred while saving this configuration:","An error occurred while saving this configuration:"
"An error occurred while saving this role.","An error occurred while saving this role."
"An error occurred while saving this template.","An error occurred while saving this template."
"An error occurred while saving URL Rewrite.","An error occurred while saving URL Rewrite."
"An error occurred while updating the selected review(s).","An error occurred while updating the selected review(s)."
"Any","Cualquiera"
"Any Attribute Set","Cualquier conjunto de atributos"
"Any data created since the backup was made will be lost including admin users, customers and orders.","Any data created since the backup was made will be lost including admin users, customers and orders."
"Any Group","Cualquier grupo"
"Any Status","Cualquier estado"
"Any Store","Cualquier tienda"
"Any Type","Cualquier tipo"
"Any Visibility","Cualquier visibilidad"
"API Key","API Key"
"API Key Confirmation","API Key Confirmation"
"Archive file name:","Nombre del fichero de Archivos:"
"Are you sure that you want to delete this template?","Está seguro de borrar esta plantilla?"
"Are you sure that you want to strip tags?","Está seguro de desmontar las etiquetas?"
"Are you sure you want to do this?","Está seguro de que quiere hacer esto?"
"Are you sure you want to proceed?","Are you sure you want to proceed?"
"Area","Área"
"As low as:","As low as:"
"ASCII","ASCII"
"Assigned","Asignado"
"Associated Tags","Associated Tags"
"Attribute Set Name:","Nombre del conjunto de atributos:"
"Attributes","Atributos"
"Authorization confirmed","Authorization confirmed"
"Authorize","Authorize"
"Authorize application","Authorize application"
"Authorized OAuth Tokens","Authorized OAuth Tokens"
"Automatic (equalize price ranges)","Automatic (equalize price ranges)"
"Automatic (equalize product counts)","Automatic (equalize product counts)"
"Average Order Amount","Importe promedio de Pedidos"
"Average Orders","Promedio de importe de pedidos"
"b","b"
"Back","Volver atrás"
"Back to Login","Regresar a la página de Acceso"
"Backup","Copia de seguridad"
"Backup Name","Backup Name"
"Backup options","Backup options"
"Backups","Copias de seguridad"
"Base currency","Moneda base"
"Bcc","Bcc"
"Bestsellers","Más vendidos"
"Billing Address","Dirección de Facturación"
"Billing Address: ","Billing Address: "
"Billing Agreement","Billing Agreement"
"Billing Agreements","Billing Agreements"
"BINARY","BINARY"
"Block Information","Información del bloque"
"Both (without and with tax)","Ambos (sin y con impuesto)"
"Both IPN and PDT","Both IPN and PDT"
"Browse Files...","Buscar archivos..."
"Bundle with dynamic pricing cannot include custom defined options. Options will not be saved.","El paquete con el precio dinámico no se puede definir opciones a medida. Las opciones no se guardaran."
"Cache Control","Control de la cache"
"Cache Control (beta)","Control de la cache (beta)"
"Cache Management","Gestor de la cache"
"Cache Type","Cache Type"
"Cancel","Cancelar"
"Cannot add new comment.","Cannot add new comment."
"Cannot add tracking number.","Cannot add tracking number."
"Cannot create an invoice without products.","Cannot create an invoice without products."
"Cannot create credit memo for the order.","Cannot create credit memo for the order."
"Cannot delete the design change.","Cannot delete the design change."
"Cannot delete tracking number.","Cannot delete tracking number."
"Cannot do shipment for the order separately from invoice.","Cannot do shipment for the order separately from invoice."
"Cannot do shipment for the order.","Cannot do shipment for the order."
"Cannot initialize shipment for adding tracking number.","Cannot initialize shipment for adding tracking number."
"Cannot initialize shipment for delete tracking number.","Cannot initialize shipment for delete tracking number."
"Cannot load track with retrieving identifier.","Cannot load track with retrieving identifier."
"Cannot retrieve tracking number detail.","Cannot retrieve tracking number detail."
"Cannot save shipment.","Cannot save shipment."
"Cannot save the credit memo.","Cannot save the credit memo."
"Cannot send shipment information.","Cannot send shipment information."
"Cannot update item quantity.","Cannot update item quantity."
"Cannot update the item's quantity.","Cannot update the item's quantity."
"Catalog","Catálogo"
"Catalog Price Rules","Catalog Price Rules"
"Catalog Rewrites","Catalog Rewrites"
"Categories","Categories"
"Category","Categoría"
"Category:","Categoría:"
"Chart is disabled. If you want to enable chart, click <a href=""%s"">here</a>.","Chart is disabled. If you want to enable chart, click <a href=""%s"">here</a>."
"Checkbox","Checkbox"
"Child Transactions","Child Transactions"
"Choose an attribute","Seleccione un atributo"
"Choose Store View:","Choose Store View:"
"Chosen category does not associated with any website, so url rewrite is not possible.","Chosen category does not associated with any website, so url rewrite is not possible."
"Chosen product does not associated with any website, so url rewrite is not possible.","Chosen product does not associated with any website, so url rewrite is not possible."
"Clear","Limpiar"
"Close","cerrar"
"CMS","CMS"
"Code","Code"
"Comment text field cannot be empty.","Comment text field cannot be empty."
"Complete","Completa"
"Config form fieldset clone model required to be able to clone fields","Config form fieldset clone model required to be able to clone fields"
"Configuration","Configuración"
"Confirm New Password","Confirm New Password"
"Confirm token authorization for admin","Confirm token authorization for admin"
"Confirm token authorization Pop Up for admin","Confirm token authorization Pop Up for admin"
"Confirmation Of Authorization","Confirmation Of Authorization"
"Confirmed email:","Email confirmado:"
"Connect with the Magento Community","Conectar a la Comunidad de Magento"
"Continue","Continue"
"Convert to Plain Text","Convertir a texto plano"
"Cookie (unsafe)","Cookie (unsafe)"
"Country","País"
"Country:","País:"
"Coupons","Cupones"
"Create","Crear"
"Create DB Backup","Crear copia de seguridad de la BD"
"Create New Attribute","Crear un nuevo atributo"
"Create URL Rewrite:","Create URL Rewrite:"
"Created At","Creado el"
"Credit Card %s","Credit Card %s"
"Credit memo #%s comment added","Credit memo #%s comment added"
"Credit memo #%s created","Credit memo #%s created"
"Credit Memo History","Historial de facturas de abono"
"Credit Memo Totals","Totales de factura de abono"
"Credit memo's total must be positive.","Credit memo's total must be positive."
"Credit Memos","Credit Memos"
"CRITICAL","crítico"
"CSV","CSV"
"CSV / Tab separated","CSV /  separado con tabulaciones"
"Currency","Moneda"
"Currency ""%s"" is used as %s in %s.","Currency ""%s"" is used as %s in %s."
"Currency Information","Información de moneda"
"Currency Setup Section","Currency Setup Section"
"Current Admin Password","Current Admin Password"
"Current Configuration Scope:","Alcance de la configuración actual"
"Current Month","Current Month"
"Custom","Personalizar"
"Custom Variable ""%s""","Custom Variable ""%s"""
"Custom Variables","Custom Variables"
"Customer","Cliente"
"Customer Group:","Grupo de cliente:"
"Customer Groups","Customer Groups"
"Customer Name","Nombre del cliente"
"Customer Reviews","Customer Reviews"
"Customer Shopping Carts","Customer Shopping Carts"
"Customer Since:","Cliente desde:"
"Customer Tax Classes","Customer Tax Classes"
"Customer with the same email already exists.","Ya existe un cliente con la misma dirección de correo electrónico."
"Customers","Clientes"
"Customers by Number of Orders","Customers by Number of Orders"
"Customers by Orders Total","Customers by Orders Total"
"Dashboard","Panel de administración"
"Data Format","Formato de datos"
"Data transfer:","Transferencia de datos"
"Database","Database"
"Dataflow - Advanced Profiles","Dataflow - Advanced Profiles"
"Dataflow - Profiles","Dataflow - Profiles"
"Date","Fecha"
"Date & Time","Fecha y hora"
"Date Added","Fecha agregada"
"Date selection:","Seleccione la fecha:"
"Date selector","Selector de fecha"
"Date Updated","Fecha actualizada"
"Day","Día"
"Decimal separator:","Separador de decimales:"
"Default (Admin) Values","Valores por defecto (Admin)"
"Default Billing Address","Default Billing Address"
"Default Config","Configuración por defecto"
"Default display currency ""%s"" is not available in allowed currencies.","Default display currency ""%s"" is not available in allowed currencies."
"Default scope","Alcance por defecto"
"Default Template from Locale","Plantilla por defecto desde Local"
"Default Values","Valores por defecto"
"Delete","Borrar"
"Delete %s","Borrar %s"
"Delete %s '%s'","Borrar %s '%s'"
"Delete File","Delete File"
"Delete Image","Delete Image"
"Delete Profile","Borrar el perfil"
"Delete Role","Borrar el rol"
"Delete Store","Delete Store"
"Delete Store View","Borrar la vista de tienda"
"Delete Template","Borrar la plantilla"
"Delete User","Borrar el usuario"
"Delete Website","Borrar el sitio web"
"Description","Descripción"
"Design","Diseño"
"Design Section","Sección Diseño"
"Details","Details"
"Developer Section","Sección Desarrollador"
"DHTML Date/Time Selector","Selector DHTML de fecha/hora"
"Direction:","Dirección:"
"Disable","Deshabilitar"
"Disabled","Deshabilitado"
"Display %s first","Mostrar %s primero"
"Display default currency","Mostrar la moneda por defecto"
"Distributed under GNU LGPL. See %s for details.","Distribuído bajo GNU LGPL. Ver %s para más detalles."
"Do you really want to KILL parallel process and start new indexing process?","Do you really want to KILL parallel process and start new indexing process?"
"Do you really want to proceed?","Do you really want to proceed?"
"Download","Download"
"Downloads","Downloads"
"Drag to move","Arrastre para mover"
"Drop-down","Desplegable"
"Edit","Editar"
"Edit Design Change","Edit Design Change"
"Edit Email Template","Editar la plantilla de correo electrónico"
"Edit Order","Edit Order"
"Edit Poll","Editar la votación"
"Edit Queue","Edit Queue"
"Edit Review","Edit Review"
"Edit Role","Editar el rol"
"Edit Store View","Editar la vista de tienda"
"Edit System Template","Editar la plantilla del sistema"
"Edit Template","Editar la plantilla"
"Edit URL Rewrite","Edit URL Rewrite"
"Edit User","Editar el usuario"
"Edit User '%s'","Editar usuario '%s'"
"Edit Website","Editar el sitio web"
"Email","Correo electrónico"
"Email Address:","Dirección de correo electrónico:"
"Email to a Friend","Enviar por e-mail a un amigo"
"Email:","Correo electrónico:"
"Enable","Habilitar"
"Enabled","Habilitado"
"Enclose Values In:","Limitar valores a:"
"Entity Attributes","Entity Attributes"
"Entity Type","Tipo de entidad"
"Entity type:","Tipo de entidad:"
"Error","Error"
"example: ""sitemap/"" or ""/"" for base path (path must be writeable)","example: ""sitemap/"" or ""/"" for base path (path must be writeable)"
"example: sitemap.xml","ejemplo: sitemap.xml"
"Excel XML","Excel XML"
"Excl. Tax","Impuestos no incl."
"Exclude media folder from backup","Exclude media folder from backup"
"Export","Exportar"
"Export CSV","Exportar CSV"
"Export Filters","Exportar filtros"
"Export to:","Exportar a:"
"Export:","Exportar:"
"Failed","failed"
"Failed to add a product to cart by id ""%s"".","Failed to add a product to cart by id ""%s""."
"Failed to cancel the billing agreement.","Failed to cancel the billing agreement."
"Failed to clear the JavaScript/CSS cache.","Failed to clear the JavaScript/CSS cache."
"Failed to delete the billing agreement.","Failed to delete the billing agreement."
"Failed to update the profile.","Failed to update the profile."
"Field","Campo"
"Field Mapping","Mapeo de campo"
"File","Fichero"
"File Information","Información del archivo"
"File mode","File mode"
"File name:","Nombre del archivo:"
"File size should be more than 0 bytes","El tamaño del archivo debe ser mayor que 0 bytes"
"File System","File System"
"Finished profile execution.","Ejecución de perfil finalizada"
"First Invoice Created Date","First Invoice Created Date"
"First Name","Nombre"
"First Name is required field.","First Name is required field."
"First Name:","Nombre:"
"Fixed","Arreglado"
"Flush Catalog Images Cache","Flush Catalog Images Cache"
"Flush JavaScript/CSS Cache","Flush JavaScript/CSS Cache"
"Flush Swatch Images Cache","Flush Swatch Images Cache"
"For category","Por categoría"
"For latest version visit: %s","Para obtener la última versión visite: %s"
"For product","Por producto"
"Forgot Admin Password","Forgot Admin Password"
"Forgot your password?","¿Olvidó su contraseña?"
"Forgot your user name or password?","Olvidó su nombre de usuario o contraseña?"
"From","desde"
"FTP credentials","FTP credentials"
"FTP Host","FTP Host"
"FTP Host[:Port]","FTP Host[:Port]"
"FTP Login","FTP Login"
"FTP Password","FTP Password"
"Gb","Gb"
"General Information","Información general"
"General Section","Sección General"
"Get help for this page","Obtener ayuda para esta página"
"Get Image Base64","Obtener imagen base64"
"Give the verifier code to application administrator","Give the verifier code to application administrator"
"GLOBAL","GLOBAL"
"Global Attribute","Atributo global"
"Global Record Search","Búsqueda de registro global"
"Global Search","Búsqueda global"
"Go to messages inbox","Go to messages inbox"
"Go to notifications","Go to notifications"
"Go Today","Ir al día de hoy"
"Google Base","Google Base"
"Google Sitemaps","Google Sitemaps"
"Grand Total","Total"
"Grid (default) / List","Cuadrícula (por defecto) / Lista"
"Grid Only","Grid Only"
"Group:","Grupo:"
"Guest","Invitado"
"Help Us Keep Magento Healthy - Report All Bugs","Colabore en el desarrollo de Magento - Informe todos los errores"
"Helper attributes should not be used in custom layout updates.","Helper attributes should not be used in custom layout updates."
"Helper for options rendering doesn't implement required interface.","Helper for options rendering doesn't implement required interface."
"Home","Inicio"
"HTTP (unsecure)","HTTP (inseguro)"
"HTTPS (SSL)","HTTPS (SSL)"
"ID","Id"
"ID Path","Ruta de ID"
"If there is an account associated with %s you will receive an email with a link to reset your password.","If there is an account associated with %s you will receive an email with a link to reset your password."
"If this message persists, please contact the store owner.","If this message persists, please contact the store owner."
"If you do not specify an option value for a specific store view then the default (Admin) value will be used.","If you do not specify an option value for a specific store view then the default (Admin) value will be used."
"Images (.gif, .jpg, .png)","Imágenes (.gif, .jpg, .png)"
"Images Cache","Images Cache"
"Import","Importar"
"Import and Export","Import and Export"
"Import and Export Tax Rates","Import and Export Tax Rates"
"Import Service","Servicio de importación"
"Import/Export","Importar/Exportar"
"Import/Export Advanced","Importación/Exportación avanzada"
"Import/Export Profile","Perfil de importación/exportación"
"Important: ","Important: "
"Imported <strong>%s</strong> records","Registro importado <strong>%s</strong>"
"In","En"
"In Database:","En base de datos:"
"In File:","En archivo:"
"Inactive","Inactivo"
"Incl. Tax","Impuestos incl."
"Incoming Message","Incoming Message"
"Insert Variable...","Insert Variable..."
"Interactive","Interactivo"
"Interface Locale: %s","Interfase Local: %s"
"Invalid directory: %s","Directorio inválido: %s"
"Invalid email address ""%s"".","Invalid email address ""%s""."
"Invalid email address.","Invalid email address."
"Invalid file: %s","Archivo inválido: %s"
"Invalid Form Key. Please refresh the page.","Invalid Form Key. Please refresh the page."
"Invalid Import Service Specified","El servicio de importación especificado es inválido"
"Invalid input data for %s => %s rate","Datos ingresados inválidos para %s => %s tasa"
"Invalid parent block for this block","Invalid parent block for this block"
"Invalid parent block for this block.","Invalid parent block for this block."
"Invalid password reset token.","Invalid password reset token."
"Invalid POST data (please check post_max_size and upload_max_filesize settings in your php.ini file).","Invalid POST data (please check post_max_size and upload_max_filesize settings in your php.ini file)."
"Invalid Secret Key. Please refresh the page.","Invalid Secret Key. Please refresh the page."
"Invalid sender name ""%s"". Please use only visible characters and spaces.","Invalid sender name ""%s"". Please use only visible characters and spaces."
"Invalid timezone","Invalid timezone"
"Invalid User Name or Password.","Invalid User Name or Password."
"Invalidated","Invalidated"
"Inventory Stock Status","Inventory Stock Status"
"Invoice #%s comment added","Comentario agregado a factura #%s"
"Invoice #%s created","Factura #%s creada"
"Invoice canceling error.","Invoice canceling error."
"Invoice capturing error.","Invoice capturing error."
"Invoice History","Historial de facturación"
"Invoice Totals","Totales de factura"
"Invoice voiding error.","Invoice voiding error."
"Invoices","Invoices"
"IP Address","Dirección de IP"
"IPN (Instant Payment Notification) Only","IPN (Instant Payment Notification) Only"
"Is Closed","Is Closed"
"Is Default","Is Default"
"Issue Number","Número de caso"
"Items","Articulos"
"JavaScript seems to be disabled in your browser.","JavaScript seems to be disabled in your browser."
"JavaScript/CSS","JavaScript/CSS"
"JavaScript/CSS Cache","JavaScript/CSS Cache"
"Kb","Kb"
"Last 24 Hours","Last 24 Hours"
"Last 5 Orders","Ultimos 5 pedidos"
"Last 5 Search Terms","Ultimos 5 términos buscados"
"Last 7 Days","Last 7 Days"
"Last Credit Memo Created Date","Last Credit Memo Created Date"
"Last Invoice Created Date","Last Invoice Created Date"
"Last Logged In (%s):","Último acceso (%s):"
"Last Logged In:","Ultimo que accedió:"
"Last Name","Apellido"
"Last Name is required field.","Last Name is required field."
"Last Name:","Apellido:"
"Last updated: %s. To refresh last day's <a href=""%s"">statistics</a>, click <a href=""%s"">here</a>.","Last updated: %s. To refresh last day's <a href=""%s"">statistics</a>, click <a href=""%s"">here</a>."
"Latest Message:","Último mensaje:"
"Layered Navigation Indices","Layered Navigation Indices"
"Layered Navigation Indices were refreshed.","Layered Navigation Indices were refreshed."
"Leave empty to use tax identifier","Leave empty to use tax identifier"
"Lifetime Sales","Ciclo de ventas"
"Lifetime statistics have been updated.","Lifetime statistics have been updated."
"Links","Enlaces"
"Links with associated products will retain only after saving current product.","Links with associated products will retain only after saving current product."
"List (default) / Grid","Lista (por defecto) / Cuadrícula"
"List Only","List Only"
"Load default template","Cargar la plantilla por defecto"
"Load Template","Cargar la plantilla"
"Loading...","Cargando…"
"Local Server","Servidor local"
"Local/Remote Server","Servidor local/remoto"
"Locale","Local"
"Log In","Log In"
"Log in to Admin Panel","Ingresar al Panel de Administración"
"Log in to use <strong>%s</strong>","Log in to use <strong>%s</strong>"
"Log into Magento Admin Page","Acceder a la página de administración de Magento"
"Log Out","Cerrar Sesión"
"Logged in as %s","Accedió como %s"
"Login","Ingresar"
"Low Stock","Low Stock"
"Magento Admin","Administracion de Magento"
"Magento Commerce - Administrative Panel","Magento Commerce - Panel de administración"
"Magento Connect","Magento Connect"
"Magento Connect Manager","Magento Connect Manager"
"Magento is a trademark of Magento Inc. Copyright &copy; %s Magento Inc.","Magento is a trademark of Magento Inc. Copyright &copy; %s Magento Inc."
"Magento Logo","Logo de Magento"
"Magento root directory","Magento root directory"
"Magento ver. %s","Versión de Magento %s"
"Magento&trade; is a trademark of Magento Inc.<br/>Copyright &copy; %s Magento Inc.","Magento&trade; is a trademark of Magento Inc.<br/>Copyright &copy; %s Magento Inc."
"MAJOR","mayor"
"Make sure that data encoding in the file is consistent and saved in one of supported encodings (UTF-8 or ANSI).","Make sure that data encoding in the file is consistent and saved in one of supported encodings (UTF-8 or ANSI)."
"Manage Attribute Sets","Manage Attribute Sets"
"Manage Attributes","Manage Attributes"
"Manage Categories","Manage Categories"
"Manage Content","Manage Content"
"Manage Currency Rates","Gestionar tipos de cambio"
"Manage Customers","Gestionar clientes"
"Manage Options (values of your attribute)","Manage Options (values of your attribute)"
"Manage Ratings","Gestionar las calificaciones"
"Manage Stores","Gestionar tiendas"
"Manage Tax Rules","Manage Tax Rules"
"Manage Tax Zones and Rates","Manage Tax Zones and Rates"
"Manage Titles (Size, Color, etc.)","Manage Titles (Size, Color, etc.)"
"Manual","Manual"
"Matched Expression","Matched Expression"
"Maximum sender name length is 255. Please correct your settings.","Maximum sender name length is 255. Please correct your settings."
"Mb","Mb"
"Media (.avi, .flv, .swf)","Medios (.avi, .flv, .swf)"
"Media storages synchronization has completed!","Media storages synchronization has completed!"
"Messages Inbox","Bandeja de entrada"
"MINOR","menor"
"Month","Mes"
"Most Viewed","Most Viewed"
"Most Viewed Products","Productos más vistos"
"MS Excel XML","MS Excel XML"
"Multiple Select","Selección múltiple"
"My Account","Mi cuenta"
"My Applications","My Applications"
"N/A","N/A"
"Name","Nombre"
"Name:","Nombre:"
"Never (production)","Never (production)"
"New ","New "
"New Accounts","Nuevas cuentas"
"New API Key","New API Key"
"New Attribute","New Attribute"
"New Block","New Block"
"New Category","New Category"
"New Class","New Class"
"New Condition","New Condition"
"New Custom Variable","New Custom Variable"
"New Customer","New Customer"
"New Customers","Nuevos clientes"
"New Design Change","New Design Change"
"New Email Template","Nueva plantilla de correo electrónico"
"New Group","New Group"
"New Invoice","New Invoice"
"New Item Type","New Item Type"
"New Memo","New Memo"
"New Memo for #%s","New Memo for #%s"
"New Page","New Page"
"New Password","Nueva contraseña"
"New password field cannot be empty.","New password field cannot be empty."
"New Poll","New Poll"
"New Profile","Nuevo perfil"
"New Rate","New Rate"
"New Rating","New Rating"
"New Review","New Review"
"New Role","New Role"
"New Rule","New Rule"
"New Search","New Search"
"New Set","New Set"
"New Shipment","New Shipment"
"New Sitemap","New Sitemap"
"New Store View","Nueva vista de tienda"
"New System Template","Nueva plantilla de sistema"
"New Tag","Nueva etiqueta"
"New Template","Nueva plantilla"
"New User","Nuevo usuario"
"New Variable","New Variable"
"New Website","Nuevo sitio web"
"Newsletter","Newsletter"
"Newsletter Problems","Newsletter Problems"
"Newsletter Queue","Newsletter Queue"
"Newsletter Subscribers","Newsletter Subscribers"
"Newsletter Templates","Newsletter Templates"
"Next month (hold for menu)","Siguiente mes (dejar pulsado para menú)"
"Next year (hold for menu)","Siguiente año (dejar pulsado para menú)"
"No","No"
"No (price without tax)","No (precio sin impuesto)"
"No change","No cambiar"
"No customer id defined.","No customer id defined."
"No Data Found","No se encontraron datos"
"No information available.","No information available."
"No profile loaded...","No se cargó ningún perfil…"
"No records found for this period.","No se encontraron registros para este período."
"No records found.","No se encontraron registros."
"No report code specified.","No report code specified."
"No search keywords.","No hay palabras clave."
"No search modules were registered","No search modules were registered"
"No Templates Found","No se encontraron plantillas"
"No wishlist item id defined.","No wishlist item id defined."
"None","Ninguno"
"Note:","Nota:"
"Notes","Notas"
"NOTICE","aviso"
"Notifications","Notifications"
"Number of Orders","Número de pedidos"
"Number of records:","Número de registros:"
"Number of Uses","Número de usos"
"Number of Views","Number of Views"
"OAuth authorization for admin","OAuth authorization for admin"
"OAuth authorization simple for admin","OAuth authorization simple for admin"
"OAuth Consumers","OAuth Consumers"
"OK","OK"
"Old rate:","Tarifa antigua"
"Once you log into your PayPal Advanced account, navigate to the Service Settings - Hosted Checkout Pages - Set Up menu and set the options described below","Once you log into your PayPal Advanced account, navigate to the Service Settings - Hosted Checkout Pages - Set Up menu and set the options described below"
"Once you log into your PayPal Payflow Link account, navigate to the Service Settings - Hosted Checkout Pages - Set Up menu and set the options described below","Once you log into your PayPal Payflow Link account, navigate to the Service Settings - Hosted Checkout Pages - Set Up menu and set the options described below"
"One or more media files failed to be synchronized during the media storages syncronization process. Refer to the log file for details.","One or more media files failed to be synchronized during the media storages syncronization process. Refer to the log file for details."
"One or more of the Cache Types are invalidated:","One or more of the Cache Types are invalidated:"
"Online Customers","Online Customers"
"Only attributes with scope ""Global"", input type ""Dropdown"" and Use To Create Configurable Product ""Yes"" are available.","Sólo están disponibles los atributos de alcance ""Global"", tipo de entrada ""Desplegable"" y Usar para Crear Producto Configurable ""Sí""."
"Only mapped fields","Sólo campos vinculados"
"Only Once (version upgrade)","Only Once (version upgrade)"
"Optional","Opcional"
"Options","Opciones"
"Options is required","Options is required"
"Order","Order"
"Order #%s","Pedido #%s"
"Order #%s (%s)","Pedido #%s (%s)"
"Order Created Date","Order Created Date"
"Order ID","Order ID"
"Order Totals","Totales del pedido"
"Order Updated Date","Order Updated Date"
"Order Updated Date report is real-time, does not need statistics refreshing.","Order Updated Date report is real-time, does not need statistics refreshing."
"Orders","Pedidos"
"Original Magento attribute names in first row:","Nombres de atributo originales de Magento en la primera fila:"
"Out of stock","Out of stock"
"Package Extensions","Extensiones del paquete"
"Pages","Pages"
"Parent Product Thumbnail","Miniatura del producto padre"
"Parent Transaction ID","Parent Transaction ID"
"Passive mode","Modo pasivo"
"Password","Contraseña"
"Password Confirmation","Confirmación de contraseña"
"Password confirmation must be same as password.","Password confirmation must be same as password."
"Password must be at least of %d characters.","Password must be at least of %d characters."
"Password must include both numeric and alphabetic characters.","Password must include both numeric and alphabetic characters."
"Password:","Contraseña:"
"Path:","Ruta:"
"Payment method instance is not available.","Payment method instance is not available."
"Payment method is not available.","Payment method is not available."
"Payment method must be specified.","Payment method must be specified."
"PDT (Payment Data Transfer) Only","PDT (Payment Data Transfer) Only"
"Pending Reviews","Pending Reviews"
"Pending Tags","Etiquetas pendientes"
"Per Item","Por artículo"
"Per Order","Por pedido"
"Percent","Percent"
"Performed At","Realizado el"
"Period","Período"
"Permanent (301)","Permanente(301)"
"Permissions","Permisos"
"Personal Information","Información personal"
"Phone:","Teléfono:"
"Please confirm site switching. All data that hasn't been saved will be lost.","Confirme que quiere cambiar de sitio. Todos los datos no desados se perderán."
"Please enter 6 or more characters.","Por favor, escriba 6 o más caracteres."
"Please enter a number greater than 0 in this field.","Por favor, escriba un número mayor que 0 en este campo."
"Please enter a valid $ amount. For example $100.00.","Por favor, escriba una cantidad válida. Por ejemplo $100.00"
"Please enter a valid credit card number.","Por favor, escriba un número de tarjeta de crédito válido"
"Please enter a valid date.","Por favor, escriba una fecha válida"
"Please enter a valid email address. For example johndoe@domain.com.","Por favor, escriba una dirección de correo electrónico válida. Por ejemplo juan@dominio.com"
"Please enter a valid email.","Please enter a valid email."
"Please enter a valid number in this field.","Por favor, escriba un número válido en este campo"
"Please enter a valid phone number. For example (123) 456-7890 or 123-456-7890.","Por favor, escriba un número telefónico válido"
"Please enter a valid social security number. For example 123-45-6789.","Por favor, escriba un número válido de seguridad social. Por ejemplo 123-45-6789."
"Please enter a valid URL. For example http://www.example.com or www.example.com","Por favor, escriba una URL válida. Por ejemplo http://www.ejemplo.com o www.ejemplo.com"
"Please enter a valid URL. http:// is required","Por favor, escriba una URL válida. http:// es obligatorio"
"Please enter a valid value from list","Por favor, introduzca un valor válido de la lista"
"Please enter a valid value, ex: 10,20,30","Por favor, introduzca un valor válido. Ej: 10, 20, 30"
"Please enter a valid zip code.","Por favor, escriba un código postal válido."
"Please enter a valid zip code. For example 90602 or 90602-1234.","Por favor, escriba un código postal válido."
"Please enter another credit card number to complete your purchase.","Please enter another credit card number to complete your purchase."
"Please enter password","Please enter password"
"Please enter password to confirm rollback.","Please enter password to confirm rollback."
"Please enter valid password.","Por favor, escriba una contraseña válida."
"Please make sure that all global admin search modules are installed and activated.","Asegúrese de que todos los módulos de búsqueda global estén instalados y activados."
"Please make sure that your changes were saved before running the profile.","Por favor, asegúrese de que sus cambios fueron grabados antes de ejecutar el perfil"
"Please make sure your passwords match.","Por favor, asegúrese de que sus contraseñas coinciden"
"Please Select","Please Select"
"Please select a customer.","Please select a customer."
"Please select a store.","Please select a store."
"Please select an option.","Por favor, seleccione una opción."
"Please select catalog searches.","Please select catalog searches."
"Please select customer(s).","Please select customer(s)."
"Please select message(s).","Please select message(s)."
"Please select one of the above options.","Por favor, seleccione una de las opciones de arriba."
"Please select one of the options.","Por favor, seleccione una de las opciones."
"Please select review(s).","Please select review(s)."
"Please select State/Province.","Por favor, seleccione Estado/Provincia"
"Please select tag(s).","Please select tag(s)."
"Please specify backup creation options","Please specify backup creation options"
"Please specify the admin custom URL.","Please specify the admin custom URL."
"Please try to logout and sign in again.","Please try to logout and sign in again."
"Please type the letters from the image:","Please type the letters from the image:"
"Please use in this field only ""a-z,0-9,_"".","Por favor, utilice en este campo sólo ""a-z,0-9,_"""
"Please use letters only (a-z) in this field.","Por favor utilice sólo letras (a-z) en este campo."
"Please use numbers only in this field. Please avoid spaces or other characters such as dots or commas.","Please use numbers only in this field. Please avoid spaces or other characters such as dots or commas."
"Please use only letters (a-z or A-Z), numbers (0-9) or spaces in this field.","Please use only letters (a-z or A-Z), numbers (0-9) or spaces in this field."
"Please use only letters (a-z) or numbers (0-9) only in this field. No spaces or other characters are allowed.","Por favor utilice sólo letras (a-z) o números (0-9) en este campo. No se permiten espacios u otros caracteres."
"Please use only letters (a-z) or numbers (0-9) or spaces and # only in this field.","Por favor utilice sólo letras (a-z) o números (0-9) o espacios y # en este campo."
"Please use this date format: dd/mm/yyyy. For example 17/03/2006 for the 17th of March, 2006.","Por favor use este formato de fecha: dd/mm/yyyy. Por ejemplo 17/03/2006 para el 17 de marzo de 2006."
"Please wait while the indexes are being refreshed.","Please wait while the indexes are being refreshed."
"Please wait, loading...","Por favor espere, cargando…"
"Please wait...","Por favor, espere..."
"Please, add some answers to this poll first.","Please, add some answers to this poll first."
"Please, select ""Visible in Stores"" for this poll first.","Please, select ""Visible in Stores"" for this poll first."
"Poll Manager","Gestor de las votaciones"
"Polls","Polls"
"Popular","Popular"
"Position","Position"
"Position of Watermark for %s","Posición de marca de agua para %s"
"Pregenerated configurable swatches image files.","Pregenerated configurable swatches image files."
"Pregenerated product images files.","Pregenerated product images files."
"Prev. month (hold for menu)","Mes anterior (dejar pulsado para menú)"
"Prev. year (hold for menu)","Año anterior (dejar pulsado para menú)"
"Preview","Previsualizar"
"Preview Template","Previsualizar la plantilla"
"Price","Precio"
"Price alert subscription was saved.","Price alert subscription was saved."
"Price:","Precio:"
"Processed <strong>%s%% %s/%d</strong> records","Procesados <strong>%s%% %s/%d</strong> registros"
"Product","Producto"
"Product is not loaded.","Product is not loaded."
"Product Name","Product Name"
"Product Reviews","Product Reviews"
"Product Tax Classes","Product Tax Classes"
"Product Thumbnail Itself","Miniatura del producto"
"Product:","Producto:"
"Products","Productos"
"Products Bestsellers Report","Products Bestsellers Report"
"Products in Carts","Products in Carts"
"Products Most Viewed Report","Products Most Viewed Report"
"Products Ordered","Products Ordered"
"Profile Action","Acción del perfil"
"Profile Actions XML","Acciones del perfil XML"
"Profile Direction","Dirección del perfil"
"Profile History","Historial del perfil"
"Profile Information","Información del perfil"
"Profile Name","Nombre del perfil"
"Profile Payments","Profile Payments"
"Profile Schedule","Profile Schedule"
"Profile Wizard","Guía del perfil"
"Profiles","Perfiles"
"Promo","Promoción"
"Promotions","Promociones"
"Purchased Item","Purchased Item"
"Put store on the maintenance mode while backup creation","Put store on the maintenance mode while backup creation"
"Put store on the maintenance mode while rollback processing","Put store on the maintenance mode while rollback processing"
"Quantity","Cantidad"
"Queue Refresh","Queue Refresh"
"Queued... Cancel","Queued... Cancel"
"Radio Buttons","Radio Buttons"
"Rates","Tarifas"
"Read details","Leer detalles"
"Rebuild","Reconstruir"
"Rebuild Catalog Index","Rebuild Catalog Index"
"Rebuild Flat Catalog Category","Rebuild Flat Catalog Category"
"Rebuild Flat Catalog Product","Rebuild Flat Catalog Product"
"Recent Orders","Pedidos recientes"
"Recent statistics have been updated.","Recent statistics have been updated."
"Recurring Profile View","Recurring Profile View"
"Recursive Dir","Recursive Dir"
"Redirect","Redirigir"
"Reference","Reference"
"Reference ID","Reference ID"
"Refresh","Refrescar"
"Refresh Now*","Actualizar ahora*"
"Refresh Statistics","Refresh Statistics"
"Region/State","Región/Estado"
"Regular Price:","Regular Price:"
"Reject","Reject"
"Reject token authorization for admin","Reject token authorization for admin"
"Reject token authorization Pop Up for admin","Reject token authorization Pop Up for admin"
"Rejection Of Authorization","Rejection Of Authorization"
"Release","Lanzamiento"
"Release Stability","Estabilidad del lanzamiento"
"Release Version","Versión del lanzamiento"
"Reload captcha","Reload captcha"
"Remote FTP","FTP remoto"
"Remove","Quitar"
"Reports","Informes"
"Request Path","Ruta solicitada"
"Required","Requerido"
"Reset","Reiniciar"
"Reset a Password","Reset a Password"
"Reset Filter","Reiniciar filtro"
"Reset Password","Reset Password"
"Resize","Modificar tamaño"
"Resource Access","Acceso a recurso"
"Resources","Recursos"
"REST Roles","REST Roles"
"Results","Resultados"
"Retrieve Password","Recuperar contraseña"
"Return Html Version","Devolver versión HTML"
"Revenue","Ingresos"
"Reviews","Reviews"
"Reviews and Ratings","Reviews and Ratings"
"Rewrite Rules","Rewrite Rules"
"Role ID","ID de rol"
"Role Info","Info del rol"
"Role Information","Información del rol"
"Role Name","Nombre del rol"
"Role Resources","Recursos del rol"
"Role Users","Usuarios del rol"
"Roles","Roles"
"Roles Resources","Recursos de roles"
"Root Category","Root Category"
"Rotate CCW","Rotar en sentido antihorario"
"Rotate CW","Rotar en sentido horario"
"Run","Ejecutar"
"Run Profile","Ejecutar perfil"
"Run Profile in Popup","Run Profile in Popup"
"Run Profile Inside This Window","Ejecutar el perfil en esta ventana"
"Running... Kill","Running... Kill"
"Sales","Sales"
"Sales Report","Informe de ventas"
"Samples","Muestras"
"Save","Guardar"
"Save & Generate","Guardar y generar"
"Save Account","Guardar la cuenta"
"Save and Continue Edit","Save and Continue Edit"
"Save Cache Settings","Save Cache Settings"
"Save Config","Guardar la configuración"
"Save Currency Rates","Guardar las tasas de cambio"
"Save Profile","Guardar el perfil"
"Save Role","Guardar el rol"
"Save Template","Guardar la plantilla"
"Save User","Guardar el usuario"
"Search","Buscar"
"Search Index","Search Index"
"Search Term","Término de búsqueda"
"Search Terms","Términos de  búsqueda"
"Select","Escoja"
"Select All","Seleccionar todo"
"Select Category","Elija categoría"
"Select Date","Elija fecha"
"Select Range","Seleccionar rango"
"Selected allowed currency ""%s"" is not available in installed currencies.","Selected allowed currency ""%s"" is not available in installed currencies."
"Selected base currency is not available in installed currencies.","Selected base currency is not available in installed currencies."
"Selected default display currency is not available in allowed currencies.","Selected default display currency is not available in allowed currencies."
"Selected default display currency is not available in installed currencies.","Selected default display currency is not available in installed currencies."
"Self-assigned roles cannot be deleted.","Self-assigned roles cannot be deleted."
"Sender","Remitente"
"Separate Email","Separate Email"
"Shipment #%s comment added","Se agregó el comentario de envío #%s"
"Shipment #%s created","Se creó envío #%s"
"Shipment Comments","Comentarios del envío"
"Shipment History","Historial de envíos"
"Shipments","Shipments"
"Shipping","Envíos"
"Shipping Address","Dirección de envío"
"Shipping address selection is not applicable","Shipping address selection is not applicable"
"Shipping Address: ","Shipping Address: "
"Shipping method must be specified.","Shipping method must be specified."
"Shipping method selection is not applicable","Shipping method selection is not applicable"
"Shipping Origin","Shipping Origin"
"Shipping Price","Precio de envío"
"Shopping Cart","Shopping Cart"
"Shopping Cart from %s","Carrito de compras desde %s"
"Shopping Cart Price Rules","Shopping Cart Price Rules"
"Show By","Show By"
"Show Report For:","Show Report For:"
"Show Reviews","Show Reviews"
"Sitemap Information","Información del mapa del sitio"
"Size for %s","Tamaño para %s"
"Skip Category Selection","Skip Category Selection"
"SKU","Código"
"SKU:","Código:"
"Some items in this order have different invoice and shipment types. You can create shipment only after the invoice is created.","Some items in this order have different invoice and shipment types. You can create shipment only after the invoice is created."
"Some of the ordered items do not exist in the catalog anymore and will be removed if you try to edit the order.","Some of the ordered items do not exist in the catalog anymore and will be removed if you try to edit the order."
"Sorry, this feature is coming soon...","Perdón. Esta funcionalidad estará disponible próximamente ..."
"Special Price:","Special Price:"
"Specific Countries","Especificar países"
"Specified","Specified"
"Specified profile does not exist.","Specified profile does not exist."
"Spreadsheet Name:","Nombre de la hoja de cálculo:"
"SSL Error: Invalid or self-signed certificate","Error SSL: Certificado inválido o auto-firmado"
"Start Date","Fecha de inicio"
"Starting profile execution, please wait...","Comenzando la ejecución del perfil. Por favor espere..."
"State/Province:","Estado/Provincia:"
"Static Blocks","Static Blocks"
"Status","Estado"
"Status:","Estado:"
"Stock notification was saved.","Stock notification was saved."
"Stock Quantity:","Cantidad en existencia:"
"Store","Tienda"
"Store Email Addresses Section","Store Email Addresses Section"
"Store View","Vista de tienda"
"store(%s) scope","alcance de tienda(%s)"
"Store:","Tienda:"
"Stores","Stores"
"Subject","Asunto"
"Submit","Enviar"
"Subpackage cannot be conflicting.","Subpackage cannot be conflicting."
"Subtotal","Subtotal"
"successful","successful"
"Switch/Solo/Maestro Only","Switch/Solo/Maestro Only"
"Symbol","Symbol"
"Synchronization is required.","Synchronization is required."
"Synchronization of media storages has been successfully completed.","Synchronization of media storages has been successfully completed."
"Synchronize","Synchronize"
"Synchronizing %s to %s","Synchronizing %s to %s"
"Synchronizing...","Synchronizing..."
"System","Sistema"
"System busy","System busy"
"System Section","Sección Sistema"
"Tags","Etiquetas"
"Target Path","Destino de la ruta"
"Tax","Impuestos"
"Tb","Tb"
"Template","Plantilla"
"Template Content","Contenido de la plantilla"
"Template Information","Información de la plantilla"
"Template Name","Nombre de la plantilla"
"Template Styles","Template Styles"
"Template Subject","Asunto de la plantilla"
"Template Type","Tipo de plantilla"
"Temporary (302)","Temporal (302)"
"Terms and Conditions","Terms and Conditions"
"Text","Texto"
"The account has been saved.","The account has been saved."
"The archive can be uncompressed with <a href=""%s"">%s</a> on Windows systems","El fichero puede ser descomprimido con <a href=""%s"">%s</a> en sistemas Windows"
"The attribute set has been removed.","The attribute set has been removed."
"The backup's creation process will take time.","The backup's creation process will take time."
"The billing agreement has been canceled.","The billing agreement has been canceled."
"The billing agreement has been deleted.","The billing agreement has been deleted."
"The cache storage has been flushed.","The cache storage has been flushed."
"The carrier needs to be specified.","The carrier needs to be specified."
"The catalog index has been rebuilt.","The catalog index has been rebuilt."
"The catalog rewrites have been refreshed.","The catalog rewrites have been refreshed."
"The Catalog Rewrites were refreshed.","The Catalog Rewrites were refreshed."
"The CatalogInventory Stock Status has been rebuilt.","The CatalogInventory Stock Status has been rebuilt."
"The Comment Text field cannot be empty.","The Comment Text field cannot be empty."
"The configurable swatches image cache was cleaned.","The configurable swatches image cache was cleaned."
"The configuration has been saved.","The configuration has been saved."
"The credit memo has been canceled.","The credit memo has been canceled."
"The credit memo has been created.","The credit memo has been created."
"The credit memo has been voided.","The credit memo has been voided."
"The custom variable has been deleted.","The custom variable has been deleted."
"The custom variable has been saved.","The custom variable has been saved."
"The customer has been deleted.","The customer has been deleted."
"The customer has been saved.","The customer has been saved."
"The design change has been deleted.","The design change has been deleted."
"The design change has been saved.","The design change has been saved."
"The email address is empty.","The email address is empty."
"The email template has been deleted.","The email template has been deleted."
"The email template has been saved.","The email template has been saved."
"The flat catalog category has been rebuilt.","The flat catalog category has been rebuilt."
"The Flat Catalog Product was rebuilt","The Flat Catalog Product was rebuilt"
"The group node name must be specified with field node name.","The group node name must be specified with field node name."
"The image cache was cleaned.","The image cache was cleaned."
"The image cache was cleared.","The image cache was cleared."
"The invoice and shipment have been created.","The invoice and shipment have been created."
"The invoice and the shipment  have been created. The shipping label cannot be created at the moment.","The invoice and the shipment  have been created. The shipping label cannot be created at the moment."
"The invoice has been canceled.","The invoice has been canceled."
"The invoice has been captured.","The invoice has been captured."
"The invoice has been created.","The invoice has been created."
"The invoice has been voided.","The invoice has been voided."
"The invoice no longer exists.","The invoice no longer exists."
"The item %s (SKU %s) does not exist in the catalog anymore.","The item %s (SKU %s) does not exist in the catalog anymore."
"The JavaScript/CSS cache has been cleaned.","The JavaScript/CSS cache has been cleaned."
"The JavaScript/CSS cache has been cleared.","The JavaScript/CSS cache has been cleared."
"The Layered Navigation indexing has been queued.","The Layered Navigation indexing has been queued."
"The Layered Navigation indexing queue has been canceled.","The Layered Navigation indexing queue has been canceled."
"The Layered Navigation indices were refreshed.","The Layered Navigation indices were refreshed."
"The Layered Navigation process has been queued to be killed.","The Layered Navigation process has been queued to be killed."
"The Magento cache storage has been flushed.","The Magento cache storage has been flushed."
"The order does not allow creating an invoice.","The order does not allow creating an invoice."
"The order no longer exists.","The order no longer exists."
"The poll has been deleted.","The poll has been deleted."
"The poll has been saved.","The poll has been saved."
"The profile has been deleted.","The profile has been deleted."
"The profile has been saved.","The profile has been saved."
"The profile has been updated.","The profile has been updated."
"The profile has no changes.","The profile has no changes."
"The profile you are trying to save no longer exists","The profile you are trying to save no longer exists"
"The rating has been deleted.","The rating has been deleted."
"The rating has been saved.","The rating has been saved."
"The role has been deleted.","The role has been deleted."
"The role has been saved.","The role has been saved."
"The role has been successfully saved.","The role has been successfully saved."
"The search index has been rebuilt.","The search index has been rebuilt."
"The shipment has been created.","The shipment has been created."
"The shipment has been sent.","The shipment has been sent."
"The shipping label has been created.","The shipping label has been created."
"The tag has been deleted.","The tag has been deleted."
"The tag has been saved.","The tag has been saved."
"The transaction details have been updated.","The transaction details have been updated."
"The URL Rewrite has been deleted.","The URL Rewrite has been deleted."
"The URL Rewrite has been saved.","The URL Rewrite has been saved."
"The user has been deleted.","The user has been deleted."
"The user has been saved.","The user has been saved."
"Themes JavaScript and CSS files combined to one file.","Themes JavaScript and CSS files combined to one file."
"There is an error in one of the option rows.","There is an error in one of the option rows."
"This Account is","La cuenta es"
"This account is inactive.","Esta cuenta está inactiva."
"This action cannot be undone.","This action cannot be undone."
"This attribute set does not have attributes which we can use for configurable product","This attribute set does not have attributes which we can use for configurable product"
"This attribute shares the same value in all the stores","Este atributo comparte el mismo valor en todas las tiendas"
"This Email template no longer exists.","This Email template no longer exists."
"This is a demo store. Any orders placed through this store will not be honored or fulfilled.","This is a demo store. Any orders placed through this store will not be honored or fulfilled."
"This is a required field.","Campo requerido"
"This product is currently disabled.","This product is currently disabled."
"This report depends on timezone configuration. Once timezone is changed, the lifetime statistics need to be refreshed.","This report depends on timezone configuration. Once timezone is changed, the lifetime statistics need to be refreshed."
"This Role no longer exists","This Role no longer exists"
"This Role no longer exists.","This Role no longer exists."
"This section is not allowed.","Esta sección no está permitida."
"This user no longer exists.","This user no longer exists."
"Time","Hora"
"Time selection:","Selección de hora:"
"Time:","Hora:"
"Timeout limit for response from synchronize process was reached.","Timeout limit for response from synchronize process was reached."
"To","hasta"
"To cancel pending authorizations and release amounts that have already been processed during this payment, click Cancel.","To cancel pending authorizations and release amounts that have already been processed during this payment, click Cancel."
"To use PayPal Payflow Link, you must configure your PayPal Payflow Link account on the PayPal website.","To use PayPal Payflow Link, you must configure your PayPal Payflow Link account on the PayPal website."
"To use PayPal Payments Advanced, you must configure  your PayPal Payments Advanced account on the PayPal website.","To use PayPal Payments Advanced, you must configure  your PayPal Payments Advanced account on the PayPal website."
"Toggle Editor","Editor de estado"
"Tools","Herramientas"
"Top 5 Search Terms","Los 5 términos de búsqueda más importantes"
"Total","Total"
"Total Invoiced","Total facturado"
"Total of %d record(s) have been deleted.","Total of %d record(s) have been deleted."
"Total of %d record(s) have been updated.","Total of %d record(s) have been updated."
"Total of %d record(s) were canceled.","Total of %d record(s) were canceled."
"Total of %d record(s) were deleted","Total of %d record(s) were deleted"
"Total of %d record(s) were deleted.","Total of %d record(s) were deleted."
"Total of %d record(s) were updated","Total of %d record(s) were updated"
"Total of %d record(s) were updated.","Total of %d record(s) were updated."
"Total Order Amount","Importe total de pedidos"
"Total Refunded","Total devuelto"
"Track Order","Track Order"
"Track this shipment","Realizar seguimiento de este envío"
"Tracking number %s for %s assigned","Número de seguimiento %s asignado para %s"
"Tracking number cannot be empty.","Tracking number cannot be empty."
"Transaction Data","Transaction Data"
"Transaction Details","Transaction Details"
"Transaction ID","Transaction ID"
"Transaction Type","Transaction Type"
"Transactional Emails","Correos electrónicos transaccionales"
"Transactions","Transactions"
"Type","Tipo"
"Type:","Tipo:"
"Unable to cancel the credit memo.","Unable to cancel the credit memo."
"Unable to find a Email Template to delete.","Unable to find a Email Template to delete."
"Unable to find a poll to delete.","Unable to find a poll to delete."
"Unable to find a tag to delete.","Unable to find a tag to delete."
"Unable to find a user to delete.","Unable to find a user to delete."
"Unable to initialize import model","Imposible iniciar el modelo de importación"
"Unable to refresh lifetime statistics.","Unable to refresh lifetime statistics."
"Unable to refresh recent statistics.","Unable to refresh recent statistics."
"Unable to save the cron expression.","Unable to save the cron expression."
"Unable to save the invoice.","Unable to save the invoice."
"Unable to send the invoice email.","Unable to send the invoice email."
"Unable to send the shipment email.","Unable to send the shipment email."
"Unable to update transaction details.","Unable to update transaction details."
"Unable to void the credit memo.","Unable to void the credit memo."
"Unknown","Desconocido"
"Unlimited","Unlimited"
"Update","Actualizar"
"Updated At","Actualizado el"
"Upload File","Subir archivo"
"Upload Files","Subir archivos"
"Upload HTTP Error","Error de HTTP en la subida"
"Upload I/O Error","Error de I/O en la subida"
"Upload import file","Subir archivo de importación"
"Upload Security Error","Error de seguridad en la subida"
"Uploaded file is larger than %.2f kilobytes allowed by server","Uploaded file is larger than %.2f kilobytes allowed by server"
"URL Rewrite","URL Rewrite"
"URL Rewrite Information","URL Rewrite Information"
"URL Rewrite Management","URL Rewrite Management"
"Use All Available Attributes","Use All Available Attributes"
"Use Config Settings","Use Config Settings"
"Use Default","Use Default"
"Use Default Value","Usar valor por defecto"
"Use Default Variable Values","Use Default Variable Values"
"Use FTP Connection","Use FTP Connection"
"Use Website","Use Website"
"Used as Default For","Used as Default For"
"Used Currently For","Used Currently For"
"User Email","Correo electrónico del usuario"
"User ID","ID del usuario"
"User Info","Info del usuario"
"User Information","Información del usuario"
"User Name","Nombre del usuario"
"User Name is required field.","User Name is required field."
"User Name:","Nombre del usuario:"
"User Password","User Password"
"User Role","Rol del usuario"
"User Roles","Roles del usuario"
"User Roles Information","Información de roles del usuario"
"User Type Resources","User Type Resources"
"Users","Usuarios"
"Validation Results","Validation Results"
"Value","Valor"
"Value Delimiter:","Delimitador de valor:"
"Variable","Variable"
"Variable Code","Variable Code"
"Variable HTML Value","Variable HTML Value"
"Variable ID","Variable ID"
"Variable Name","Variable Name"
"Variable Plain Value","Variable Plain Value"
"VAT Number is Invalid","VAT Number is Invalid"
"VAT Number is Valid","VAT Number is Valid"
"Verifier code: %s","Verifier code: %s"
"View Actions XML","Ver acciones XML"
"View Full Size","View Full Size"
"View Memo","View Memo"
"View Memo for #%s","View Memo for #%s"
"View Shipment","View Shipment"
"View Statistics For:","View Statistics For:"
"Visibility:","Visibilidad:"
"Warning","Warning"
"Warning! Empty value can cause problems with CSV format.","¡Atención! Un valor vacío puede causar problemas con el formato CSV."
"Warning!rnThis action will remove this user from already assigned rolernAre you sure?","Warning!rnThis action will remove this user from already assigned rolernAre you sure?"
"Warning!rnThis action will remove those users from already assigned rolesrnAre you sure?","Warning!rnThis action will remove those users from already assigned rolesrnAre you sure?"
"Warning: Please do not close the window during importing/exporting data","Warning: Please do not close the window during importing/exporting data"
"Watermark File for %s","Archivo de marca de agua para %s"
"We appreciate our merchants' feedback, please <a href=""#"" onclick=""surveyAction('yes'); return false;"">take our survey</a> to provide insight on the features you would like included in Magento. <a href=""#"" onclick=""surveyAction('no'); return false;"">Remove this notification</a>","We appreciate our merchants' feedback, please <a href=""#"" onclick=""surveyAction('yes'); return false;"">take our survey</a> to provide insight on the features you would like included in Magento. <a href=""#"" onclick=""surveyAction('no'); return false;"">Remove this notification</a>"
"We're in our typing table, coding away more features for Magento. Thank you for your patience.","Estamos trabajando, programando más mejoras para Magento. Gracias por su paciencia."
"Web Section","Sección Web"
"Web Services","Servicios web"
"Website","Sitio web"
"website(%s) scope","alcance de sitio web(%s)"
"What is this?","¿Qué es esto?"
"Wishlist item is not loaded.","Wishlist item is not loaded."
"Wishlist Report","Informe de la lista de artículos de interés"
"Wrong account specified.","Wrong account specified."
"Wrong billing agreement ID specified.","Wrong billing agreement ID specified."
"Wrong column format.","Wrong column format."
"Wrong newsletter template.","Wrong newsletter template."
"Wrong quote item.","Wrong quote item."
"Wrong tab configuration.","Wrong tab configuration."
"Wrong tag was specified.","Wrong tag was specified."
"Wrong transaction ID specified.","Wrong transaction ID specified."
"XML","XML"
"XML data is invalid.","XML data is invalid."
"XML object is not instance of ""Varien_Simplexml_Element"".","XML object is not instance of ""Varien_Simplexml_Element""."
"Year","Year"
"Yes","Sí"
"Yes (301 Moved Permanently)","Yes (301 Moved Permanently)"
"Yes (302 Found)","Yes (302 Found)"
"Yes (only price with tax)","Sí (sólo precio con impuesto)"
"You cannot delete your own account.","You cannot delete your own account."
"You have %s unread message(s).","You have %s unread message(s)."
"You have %s unread message(s). <a href=""%s"">Go to messages inbox</a>.","You have %s unread message(s). <a href=""%s"">Go to messages inbox</a>."
"You have %s, %s and %s unread messages. <a href=""%s"">Go to messages inbox</a>.","You have %s, %s and %s unread messages. <a href=""%s"">Go to messages inbox</a>."
"You have logged out.","You have logged out."
"You have not enough permissions to use this functionality.","You have not enough permissions to use this functionality."
"You must have JavaScript enabled in your browser to utilize the functionality of this website.","You must have JavaScript enabled in your browser to utilize the functionality of this website."
"You need to specify order items.","You need to specify order items."
"You will need to wait when the action ends.","You will need to wait when the action ends."
"Your answers contain duplicates.","Sus respuestas contienen duplicados."
"Your password has been updated.","Your password has been updated."
"Your password reset link has expired.","Your password reset link has expired."
"Your server PHP settings allow you to upload files not more than %s at a time. Please modify post_max_size (currently is %s) and upload_max_filesize (currently is %s) values in php.ini if you want to upload larger files.","La configuración PHP de su servidor no permite subir más de %s ficheros a la vez. Por favor, modifique los valores de post_max_size (valor actual: %s) y de upload_max_filesize (valor actual: %s) en el fichero php.ini si quiere subir ficheros de más tamaño."
"Your web server is configured incorrectly. As a result, configuration files with sensitive information are accessible from the outside. Please contact your hosting provider.","Your web server is configured incorrectly. As a result, configuration files with sensitive information are accessible from the outside. Please contact your hosting provider."
"YTD","1 año hasta hoy"
"Zip/Postal Code","Código postal"
"Zip/Postal Code:","Código postal:"
"{{base_url}} is not recommended to use in a production environment to declare the Base Unsecure URL / Base Secure URL. It is highly recommended to change this value in your Magento <a href=""%s"">configuration</a>.","{{base_url}} is not recommended to use in a production environment to declare the Base Unsecure URL / Base Secure URL. It is highly recommended to change this value in your Magento <a href=""%s"">configuration</a>."
